step,loss,loss_parts,embed_acc,perm_valid,edge_f1,erank_last,lr,tok_per_s
400,0.87083,"{""ntp"": 0.8708274960517883}",0.00000,0.92969,0.13945,3.47,1.00e-03,203639
800,0.66534,"{""ntp"": 0.6653380393981934}",0.00000,0.96875,0.14874,5.93,1.00e-03,211206
1200,0.32855,"{""ntp"": 0.3285518288612366}",0.01172,0.16797,0.65590,5.16,1.00e-03,212702
1600,0.25373,"{""ntp"": 0.25373318791389465}",0.00391,0.22266,0.71803,4.75,1.00e-03,214004
2000,0.23568,"{""ntp"": 0.23567914962768555}",0.02734,0.18359,0.75096,5.03,1.00e-03,213463
2400,0.22544,"{""ntp"": 0.22544045746326447}",0.03516,0.28125,0.77188,5.38,1.00e-03,212828
2800,0.21852,"{""ntp"": 0.2185245156288147}",0.01953,0.21484,0.77125,6.04,1.00e-03,212336
3200,0.21362,"{""ntp"": 0.21361632645130157}",0.03906,0.25781,0.77463,6.17,1.00e-03,212106
3600,0.20858,"{""ntp"": 0.20858104526996613}",0.04688,0.30469,0.80227,5.43,1.00e-03,211975
4000,0.20399,"{""ntp"": 0.2039903700351715}",0.03906,0.26562,0.79742,5.54,1.00e-03,211896
4400,0.18798,"{""ntp"": 0.18797996640205383}",0.09766,0.26172,0.81479,5.42,1.00e-03,212043
4800,0.18671,"{""ntp"": 0.18670818209648132}",0.16016,0.32031,0.84530,5.02,1.00e-03,212073
5200,0.20057,"{""ntp"": 0.20056940615177155}",0.11328,0.28906,0.84623,4.81,1.00e-03,211870
5600,0.17038,"{""ntp"": 0.17037761211395264}",0.12891,0.31641,0.84692,5.07,1.00e-03,211730
6000,0.17127,"{""ntp"": 0.17126750946044922}",0.22266,0.38281,0.87613,4.73,1.00e-03,211541
6400,0.16770,"{""ntp"": 0.16770072281360626}",0.21094,0.42969,0.88594,4.93,1.00e-03,211540
6800,0.17703,"{""ntp"": 0.17702694237232208}",0.25781,0.43359,0.89196,4.47,1.00e-03,211466
7200,0.16830,"{""ntp"": 0.1683030128479004}",0.22266,0.40625,0.89730,4.87,1.00e-03,211473
7600,0.16417,"{""ntp"": 0.16416603326797485}",0.26562,0.44922,0.89734,5.06,1.00e-03,211478
8000,0.16406,"{""ntp"": 0.16405901312828064}",0.19141,0.42969,0.88193,5.14,1.00e-03,211414
8400,0.16355,"{""ntp"": 0.16355004906654358}",0.17188,0.39844,0.86514,5.18,1.00e-03,211345
8800,0.16620,"{""ntp"": 0.1662026196718216}",0.20312,0.41406,0.88780,4.75,1.00e-03,211607
9200,0.15845,"{""ntp"": 0.15845096111297607}",0.25000,0.46484,0.89982,4.79,1.00e-03,212901
9600,0.16005,"{""ntp"": 0.16005292534828186}",0.27734,0.48828,0.90986,4.85,1.00e-03,212950
10000,0.16416,"{""ntp"": 0.16415724158287048}",0.27344,0.50000,0.90691,4.62,1.00e-03,212871
10400,0.16061,"{""ntp"": 0.16061395406723022}",0.27734,0.49219,0.91308,4.20,1.00e-03,212792
10800,0.16086,"{""ntp"": 0.16085651516914368}",0.28516,0.46484,0.91716,4.50,1.00e-03,212734
11200,0.15409,"{""ntp"": 0.1540887951850891}",0.23047,0.37891,0.87332,4.48,1.00e-03,212745
11600,0.15258,"{""ntp"": 0.15258343517780304}",0.19141,0.34766,0.85935,4.70,1.00e-03,212704
12000,0.15945,"{""ntp"": 0.15945181250572205}",0.20703,0.39844,0.86424,4.59,1.00e-03,212623
12400,0.15517,"{""ntp"": 0.15516546368598938}",0.17969,0.37500,0.85189,4.53,1.00e-03,212617
12800,0.15092,"{""ntp"": 0.15092384815216064}",0.28906,0.51172,0.91697,4.84,1.00e-03,212581
13200,0.15400,"{""ntp"": 0.1540030837059021}",0.16797,0.32031,0.84766,4.51,1.00e-03,212532
13600,0.15682,"{""ntp"": 0.15681663155555725}",0.26953,0.46484,0.90665,4.51,1.00e-03,212482
14000,0.15021,"{""ntp"": 0.15021105110645294}",0.21875,0.39844,0.86036,4.62,1.00e-03,212443
14400,0.15208,"{""ntp"": 0.15208426117897034}",0.30469,0.51172,0.91933,4.65,1.00e-03,212400
14800,0.14771,"{""ntp"": 0.147710919380188}",0.31250,0.52734,0.91946,4.72,1.00e-03,212349
15200,0.14944,"{""ntp"": 0.14943872392177582}",0.20312,0.42969,0.86911,4.34,1.00e-03,212332
15600,0.15040,"{""ntp"": 0.150403693318367}",0.30078,0.52734,0.90105,4.58,1.00e-03,212308
16000,0.15035,"{""ntp"": 0.15035130083560944}",0.23828,0.47656,0.89114,4.56,1.00e-03,212296
16400,0.14769,"{""ntp"": 0.14769166707992554}",0.33203,0.52344,0.91946,4.41,1.00e-03,212247
16800,0.15001,"{""ntp"": 0.1500082015991211}",0.37109,0.54297,0.89643,4.45,1.00e-03,212192
17200,0.15100,"{""ntp"": 0.1509953886270523}",0.39453,0.57031,0.92388,4.10,1.00e-03,212156
17600,0.14696,"{""ntp"": 0.14696051180362701}",0.37500,0.60547,0.93065,4.43,1.00e-03,212092
18000,0.14808,"{""ntp"": 0.14808395504951477}",0.47266,0.66016,0.92212,4.22,1.00e-03,212035
18400,0.14183,"{""ntp"": 0.1418297439813614}",0.48047,0.62500,0.91604,4.51,1.00e-03,212022
18800,0.14340,"{""ntp"": 0.14339882135391235}",0.40625,0.59766,0.92214,4.54,1.00e-03,211973
19200,0.13854,"{""ntp"": 0.13854308426380157}",0.51953,0.73047,0.94628,4.36,1.00e-03,211924
19600,0.13921,"{""ntp"": 0.13920845091342926}",0.51953,0.63281,0.93571,4.43,1.00e-03,211916
20000,0.14065,"{""ntp"": 0.14064595103263855}",0.47266,0.62500,0.91740,4.52,1.00e-03,211843
20400,0.13618,"{""ntp"": 0.13617753982543945}",0.53125,0.67188,0.94732,4.55,1.00e-03,211777
20800,0.14436,"{""ntp"": 0.14436176419258118}",0.57422,0.69531,0.93666,4.69,1.00e-03,211718
21200,0.14251,"{""ntp"": 0.14251190423965454}",0.51172,0.66406,0.92216,4.47,1.00e-03,211672
21600,0.14010,"{""ntp"": 0.1400960385799408}",0.54297,0.70703,0.94847,4.75,1.00e-03,211626
22000,0.13835,"{""ntp"": 0.13835346698760986}",0.52734,0.65234,0.93027,4.51,1.00e-03,211543
22400,0.13629,"{""ntp"": 0.13628531992435455}",0.56641,0.71094,0.94140,4.83,1.00e-03,211527
22800,0.13815,"{""ntp"": 0.1381494402885437}",0.58984,0.72266,0.94847,4.90,1.00e-03,211550
23200,0.13624,"{""ntp"": 0.13623937964439392}",0.52344,0.65625,0.93237,4.85,1.00e-03,211568
23600,0.13367,"{""ntp"": 0.1336715668439865}",0.58594,0.69141,0.95430,4.49,1.00e-03,211556
24000,0.13501,"{""ntp"": 0.13500525057315826}",0.64062,0.76562,0.95805,4.46,1.00e-03,211530
24400,0.13337,"{""ntp"": 0.1333741843700409}",0.55469,0.67188,0.93093,4.64,1.00e-03,211506
24800,0.13524,"{""ntp"": 0.13523606956005096}",0.60938,0.72656,0.95839,4.58,1.00e-03,211460
25200,0.13536,"{""ntp"": 0.13536135852336884}",0.53516,0.71094,0.93756,4.30,1.00e-03,211430
25600,0.14181,"{""ntp"": 0.14181292057037354}",0.62500,0.75781,0.96178,4.69,1.00e-03,211416
26000,0.13011,"{""ntp"": 0.1301068663597107}",0.62891,0.75000,0.96488,4.56,1.00e-03,211411
26400,0.13553,"{""ntp"": 0.13553430140018463}",0.54688,0.66406,0.92975,4.42,1.00e-03,211411
26800,0.13104,"{""ntp"": 0.13103650510311127}",0.56250,0.71875,0.93795,4.65,1.00e-03,211388
27200,0.13270,"{""ntp"": 0.1326974630355835}",0.59375,0.73828,0.95041,4.77,1.00e-03,211365
27600,0.13454,"{""ntp"": 0.13454073667526245}",0.62500,0.70703,0.94892,4.75,1.00e-03,211382
28000,0.12791,"{""ntp"": 0.12791115045547485}",0.67578,0.78516,0.96195,4.49,1.00e-03,211422
28400,0.13292,"{""ntp"": 0.13292013108730316}",0.57812,0.68750,0.93790,4.53,1.00e-03,211423
28800,0.13003,"{""ntp"": 0.13002613186836243}",0.62109,0.75781,0.95862,4.80,1.00e-03,211406
29200,0.13310,"{""ntp"": 0.13309602439403534}",0.70312,0.80469,0.96862,4.67,1.00e-03,211419
29600,0.13422,"{""ntp"": 0.13421516120433807}",0.65234,0.75781,0.95195,4.80,1.00e-03,211405
30000,0.13318,"{""ntp"": 0.13318002223968506}",0.72266,0.80859,0.96963,4.66,1.00e-03,211386
30400,0.13193,"{""ntp"": 0.13192947208881378}",0.64844,0.76172,0.96309,4.67,1.00e-03,211371
30800,0.12924,"{""ntp"": 0.12924471497535706}",0.62500,0.75000,0.95243,4.64,1.00e-03,211346
31200,0.13129,"{""ntp"": 0.13128827512264252}",0.65234,0.76953,0.94943,4.66,1.00e-03,211325
31600,0.13403,"{""ntp"": 0.13402678072452545}",0.67578,0.79297,0.96472,4.58,1.00e-03,211319
32000,0.13033,"{""ntp"": 0.1303320676088333}",0.62891,0.73828,0.95243,4.73,1.00e-03,211313
32400,0.12819,"{""ntp"": 0.12818504869937897}",0.67578,0.77734,0.96689,4.37,1.00e-03,211338
32800,0.13033,"{""ntp"": 0.13033238053321838}",0.71875,0.79297,0.97261,4.65,1.00e-03,211345
33200,0.13256,"{""ntp"": 0.13256020843982697}",0.63672,0.77344,0.96439,4.57,1.00e-03,211327
33600,0.13144,"{""ntp"": 0.13143950700759888}",0.70703,0.80078,0.97016,4.59,1.00e-03,211317
34000,0.12933,"{""ntp"": 0.1293255239725113}",0.64062,0.77344,0.95636,4.61,1.00e-03,211330
34400,0.13087,"{""ntp"": 0.1308661848306656}",0.64844,0.73047,0.95524,4.17,1.00e-03,211347
34800,0.13318,"{""ntp"": 0.13317535817623138}",0.71875,0.78516,0.97073,4.61,1.00e-03,211369
35200,0.12936,"{""ntp"": 0.12935803830623627}",0.66406,0.76172,0.95980,4.56,1.00e-03,211351
35600,0.13214,"{""ntp"": 0.13214071094989777}",0.67969,0.79297,0.96811,4.44,1.00e-03,211337
36000,0.13182,"{""ntp"": 0.13182294368743896}",0.70703,0.79688,0.97026,4.74,1.00e-03,211587
36400,0.13252,"{""ntp"": 0.1325227916240692}",0.67188,0.76562,0.95708,4.47,1.00e-03,211899
36800,0.13378,"{""ntp"": 0.13377822935581207}",0.65625,0.74609,0.95820,4.31,1.00e-03,212084
37200,0.12729,"{""ntp"": 0.12728554010391235}",0.69531,0.79688,0.96420,4.54,1.00e-03,212415
37600,0.12615,"{""ntp"": 0.12615157663822174}",0.67969,0.78125,0.95908,4.62,1.00e-03,212699
38000,0.12785,"{""ntp"": 0.1278473436832428}",0.74219,0.84766,0.97384,4.72,1.00e-03,212926
38400,0.12829,"{""ntp"": 0.12829391658306122}",0.73438,0.85938,0.97142,4.57,1.00e-03,213213
38800,0.13137,"{""ntp"": 0.13137441873550415}",0.63672,0.78125,0.95772,4.50,1.00e-03,213491
39200,0.12877,"{""ntp"": 0.12877334654331207}",0.69531,0.80469,0.97034,4.50,1.00e-03,213759
39600,0.13069,"{""ntp"": 0.13068759441375732}",0.67578,0.76172,0.95842,4.43,1.00e-03,214025
40000,0.13417,"{""ntp"": 0.13416892290115356}",0.69141,0.80859,0.96569,4.39,1.00e-03,214306
40400,0.12916,"{""ntp"": 0.12915503978729248}",0.68750,0.76953,0.96128,4.70,1.00e-03,214495
40800,0.12476,"{""ntp"": 0.12475528568029404}",0.63281,0.75781,0.95288,4.45,1.00e-03,214744
41200,0.13505,"{""ntp"": 0.1350546032190323}",0.70703,0.82812,0.96707,4.59,1.00e-03,214983
41600,0.12268,"{""ntp"": 0.122679203748703}",0.75000,0.82031,0.97424,4.55,1.00e-03,215221
42000,0.13174,"{""ntp"": 0.13174042105674744}",0.73438,0.82422,0.96757,4.40,1.00e-03,215468
42400,0.12733,"{""ntp"": 0.12732626497745514}",0.71094,0.79688,0.96009,4.56,1.00e-03,215707
42800,0.13129,"{""ntp"": 0.13128896057605743}",0.75391,0.83203,0.97101,4.47,1.00e-03,215658
43200,0.12547,"{""ntp"": 0.12546543776988983}",0.70312,0.82031,0.97005,4.34,1.00e-03,215614
43600,0.12763,"{""ntp"": 0.1276310682296753}",0.69141,0.78906,0.96082,4.76,1.00e-03,215565
44000,0.12972,"{""ntp"": 0.12972360849380493}",0.71094,0.80078,0.96992,4.67,1.00e-03,215529
44400,0.12616,"{""ntp"": 0.12615768611431122}",0.68750,0.80078,0.96259,4.35,1.00e-03,215491
44800,0.12864,"{""ntp"": 0.1286448985338211}",0.72656,0.82031,0.97318,4.63,1.00e-03,215446
45200,0.12674,"{""ntp"": 0.12673582136631012}",0.62109,0.70312,0.94971,4.73,1.00e-03,215401
45600,0.12703,"{""ntp"": 0.12703090906143188}",0.68359,0.79688,0.96249,4.49,1.00e-03,215379
46000,0.13130,"{""ntp"": 0.13130302727222443}",0.66797,0.79688,0.96483,4.81,1.00e-03,215338
46400,0.12907,"{""ntp"": 0.1290660798549652}",0.66797,0.78125,0.96232,4.37,1.00e-03,215510
46800,0.12747,"{""ntp"": 0.12747114896774292}",0.69922,0.79297,0.96030,4.58,1.00e-03,215464
47200,0.12313,"{""ntp"": 0.12313470989465714}",0.65234,0.74609,0.95180,4.18,1.00e-03,215406
47600,0.12421,"{""ntp"": 0.12420899420976639}",0.73047,0.82422,0.97192,4.33,1.00e-03,215356
48000,0.12601,"{""ntp"": 0.1260056346654892}",0.62891,0.74609,0.95288,4.69,1.00e-03,215312
